"Position","Comment Text"
1,"Good"
2,"Good TV"
3,"The TV does not work like a master and did not try to connect it"
4,"The picture is very clear (compared to the older model). There is a brightness adjustment function, it will be useful for those who have small children who like to fall asleep to cartoons or lullabies."
5,"My request is completely satisfied!"
6,"A wonderful smart TV! Everyone is satisfied! The picture quality is good!"
7,"Very satisfied with the purchase! The TV exceeded expectations, the sound is clear and loud. The seller contacted instantly, sent the same day. It is nice to deal with professionals. Thank you for the quality product!"
8,"The TV is wonderful, bright, the child likes it."
9,"beauty"
10,"Top for your money"